{"cameraMode":{"drawMode":0,"name":"Shaded","section":"Shading Mode"},"sceneLighting":false,"audioPlay":false,"sceneViewState":{"showFog":false,"showMaterialUpdate":false,"showSkybox":false,"showFlares":false,"showImageEffects":false,"showParticleSystems":true},"in2DMode":false,"pivot":{"x":-1.4900827407836915,"y":11.016674041748047,"z":20.0},"rotation":{"x":0.048281364142894748,"y":0.9508095979690552,"z":-0.2366114854812622,"w":0.19402340054512025},"size":1021.2907104492188,"orthographic":true}