{"cameraMode":{"drawMode":0,"name":"Shaded","section":"Shading Mode"},"sceneLighting":true,"audioPlay":false,"sceneViewState":{"showFog":false,"showMaterialUpdate":false,"showSkybox":false,"showFlares":false,"showImageEffects":false,"showParticleSystems":true},"in2DMode":false,"pivot":{"x":-11.6572265625,"y":-1.3525390625,"z":-1.6539306640625},"rotation":{"x":-0.21516871452331544,"y":0.016690315678715707,"z":-0.0036749360151588918,"w":-0.9764273166656494},"size":56.082706451416019,"orthographic":true}