{"cameraMode":{"drawMode":0,"name":"Shaded","section":"Shading Mode"},"sceneLighting":true,"audioPlay":false,"sceneViewState":{"showFog":false,"showMaterialUpdate":false,"showSkybox":false,"showFlares":false,"showImageEffects":false,"showParticleSystems":true},"in2DMode":false,"pivot":{"x":0.4751391112804413,"y":1.8824015855789185,"z":0.0},"rotation":{"x":0.30181312561035159,"y":0.1012837216258049,"z":-0.03226515278220177,"w":0.9474231004714966},"size":34.320762634277347,"orthographic":true}