{"cameraMode":{"drawMode":0,"name":"Shaded","section":"Shading Mode"},"sceneLighting":true,"audioPlay":false,"sceneViewState":{"showFog":false,"showMaterialUpdate":false,"showSkybox":false,"showFlares":false,"showImageEffects":false,"showParticleSystems":true},"in2DMode":false,"pivot":{"x":-2.222391128540039,"y":5.011518478393555,"z":-2.3917789459228517},"rotation":{"x":0.5115923881530762,"y":0.16409698128700257,"z":-0.1002473458647728,"w":0.8374353051185608},"size":240.65830993652345,"orthographic":false}