{"cameraMode":{"drawMode":0,"name":"Shaded","section":"Shading Mode"},"sceneLighting":true,"audioPlay":false,"sceneViewState":{"showFog":false,"showMaterialUpdate":false,"showSkybox":false,"showFlares":false,"showImageEffects":false,"showParticleSystems":true},"in2DMode":false,"pivot":{"x":0.7451190948486328,"y":-65.3515625,"z":1.68896484375},"rotation":{"x":0.699643611907959,"y":-0.0010716997785493732,"z":0.0010494914604350925,"w":0.7144917249679565},"size":38.518306732177737,"orthographic":true}