{"cameraMode":{"drawMode":0,"name":"Shaded","section":"Shading Mode"},"sceneLighting":true,"audioPlay":false,"sceneViewState":{"showFog":false,"showMaterialUpdate":false,"showSkybox":false,"showFlares":false,"showImageEffects":false,"showParticleSystems":true},"in2DMode":false,"pivot":{"x":-3.0366241931915285,"y":1.224480390548706,"z":5.042710304260254},"rotation":{"x":0.003421986708417535,"y":0.9897412657737732,"z":-0.14079831540584565,"w":0.024056361988186837},"size":3.1670663356781008,"orthographic":false}