{"cameraMode":{"drawMode":0,"name":"Shaded","section":"Shading Mode"},"sceneLighting":false,"audioPlay":false,"sceneViewState":{"showFog":false,"showMaterialUpdate":false,"showSkybox":false,"showFlares":false,"showImageEffects":false,"showParticleSystems":true},"in2DMode":false,"pivot":{"x":7.404052734375,"y":1.2232208251953126,"z":75.20458984375},"rotation":{"x":-0.0014993601944297553,"y":0.9912750124931336,"z":-0.011297084391117096,"w":-0.13131627440452577},"size":4.261140823364258,"orthographic":true}