{"cameraMode":{"drawMode":0,"name":"Shaded","section":"Shading Mode"},"sceneLighting":false,"audioPlay":false,"sceneViewState":{"showFog":false,"showMaterialUpdate":false,"showSkybox":false,"showFlares":false,"showImageEffects":false,"showParticleSystems":true},"in2DMode":false,"pivot":{"x":-0.08933532238006592,"y":-1.341104507446289e-7,"z":0.5970574021339417},"rotation":{"x":-0.11023057997226715,"y":0.7123834490776062,"z":-0.11488834023475647,"w":-0.6834908127784729},"size":3.4300668239593508,"orthographic":true}