{"cameraMode":{"drawMode":0,"name":"Shaded","section":"Shading Mode"},"sceneLighting":true,"audioPlay":false,"sceneViewState":{"showFog":false,"showMaterialUpdate":false,"showSkybox":false,"showFlares":false,"showImageEffects":false,"showParticleSystems":true},"in2DMode":false,"pivot":{"x":-11.6572265625,"y":-1.3525390625,"z":-1.6539306640625},"rotation":{"x":-0.10954484343528748,"y":0.5829853415489197,"z":-0.07971474528312683,"w":-0.8011077046394348},"size":55.18750762939453,"orthographic":true}